id	source	target	sourceGenesymbol	targetGenesymbol	isDirected	isStimulation	isInhibition	consensusDirection	consensusStimulation	consensusInhibition	sources	references	omnipath	kinaseextra	ligrecextra	pathwayextra	mirnatarget	dorothea	collectri	tfTarget	lncrnaMrna	tfMirna	smallMolecule	dorotheaCurated	dorotheaChipseq	dorotheaTfbs	dorotheaCoexp	dorotheaLevel	type	curationEffort	extraAttrs	evidences	ncbiTaxIdSource	entityTypeSource	ncbiTaxIdTarget	entityTypeTarget	referenceCount
78385	O95393	COMPLEX:P27037_P37023	BMP10	ACVR2A_ACVRL1	true	true	false	true	true	false	CellChatDB;CellPhoneDB;Cellinker;HPMR_Cellinker;ICELLNET;KEGG-MEDICUS	CellChatDB:25620979;CellChatDB:26893264;Cellinker:16049014;Cellinker:17068149;Cellinker:26893264;Cellinker:27252362;Cellinker:30246252;ICELLNET:17878607	true	false	true	true	false	false	false	false	false	false	false						post_translational	8	{"Cellinker_type":"Cytokine-cytokine receptor interaction","CellPhoneDB_type":"ligand-receptor","CellPhoneDB_is_ppi":true,"CellChatDB_category":"Secreted Signaling"}	{"id_a":"O95393","id_b":"COMPLEX:P27037_P37023","directed":[{"via":null,"attrs":{},"dataset":"omnipath","resource":"ICELLNET","references":["17878607"]},{"via":null,"attrs":{"category":"Secreted Signaling"},"dataset":"omnipath","resource":"CellChatDB","references":["26893264","25620979"]},{"via":"Cellinker","attrs":{"type":"Cytokine-cytokine receptor interaction"},"dataset":"omnipath","resource":"HPMR","references":[]},{"via":null,"attrs":{"type":"Cytokine-cytokine receptor interaction"},"dataset":"omnipath","resource":"Cellinker","references":["26893264","17068149","30246252","16049014","27252362"]},{"via":null,"attrs":{"type":"ligand-receptor","is_ppi":true},"dataset":"ligrecextra","resource":"CellPhoneDB","references":[]}],"negative":[],"positive":[{"via":null,"attrs":{},"dataset":"pathwayextra","resource":"KEGG-MEDICUS","references":[]}],"undirected":[]}	9606	protein	9606	complex	8
75401	O95393	P37023	BMP10	ACVRL1	true	true	false	true	true	false	Baccin2019;CellTalkDB;EMBRACE;Fantom5_LRdb;Guide2Pharma;HINT;HPMR_LRdb;HPMR_talklr;LRdb;Ramilowski2015;Ramilowski2015_Baccin2019;SIGNOR;Wang;connectomeDB2020;iTALK;talklr	Baccin2019:17068149;CellTalkDB:17068149;HINT:32238803;HINT:35504921;LRdb:17068149;SIGNOR:17068149;connectomeDB2020:17068149	true	false	true	true	false	false	false	false	false	false	false						post_translational	7	{"talklr_putative":false,"SIGNOR_mechanism":["binding"],"Ramilowski2015_source":["HPMR","literature supported"]}	{"id_a":"O95393","id_b":"P37023","directed":[{"via":null,"attrs":{},"dataset":"omnipath","resource":"CellTalkDB","references":["17068149"]},{"via":null,"attrs":{},"dataset":"omnipath","resource":"connectomeDB2020","references":["17068149"]},{"via":"LRdb","attrs":{},"dataset":"omnipath","resource":"HPMR","references":[]},{"via":"LRdb","attrs":{},"dataset":"omnipath","resource":"Fantom5","references":[]},{"via":null,"attrs":{},"dataset":"omnipath","resource":"LRdb","references":["17068149"]},{"via":"Baccin2019","attrs":{},"dataset":"omnipath","resource":"Ramilowski2015","references":[]},{"via":null,"attrs":{},"dataset":"omnipath","resource":"Baccin2019","references":["17068149"]},{"via":"talklr","attrs":{"putative":false},"dataset":"ligrecextra","resource":"HPMR","references":[]},{"via":null,"attrs":{"putative":false},"dataset":"ligrecextra","resource":"talklr","references":[]},{"via":null,"attrs":{"source":["HPMR","literature supported"]},"dataset":"ligrecextra","resource":"Ramilowski2015","references":[]},{"via":null,"attrs":{},"dataset":"ligrecextra","resource":"EMBRACE","references":[]},{"via":null,"attrs":{},"dataset":"ligrecextra","resource":"iTALK","references":[]}],"negative":[],"positive":[{"via":null,"attrs":{"mechanism":["binding"]},"dataset":"omnipath","resource":"SIGNOR","references":["17068149"]},{"via":null,"attrs":{},"dataset":"ligrecextra","resource":"Guide2Pharma","references":[]},{"via":null,"attrs":{},"dataset":"pathwayextra","resource":"Wang","references":[]}],"undirected":[{"via":null,"attrs":{"hint_quality":["LC","HT"]},"dataset":"omnipath","resource":"HINT","references":["32238803","35504921"]}]}	9606	protein	9606	protein	7
43119	O95393	P17813	BMP10	ENG	true	false	false	false	false	false	Baccin2019;CellTalkDB;Cellinker;EMBRACE;Fantom5_LRdb;LRdb;Ramilowski2015;Ramilowski2015_Baccin2019;connectomeDB2020;iTALK;talklr	CellTalkDB:21737454;Cellinker:31540324;LRdb:21737454;Ramilowski2015:21737454;connectomeDB2020:21737454;talklr:21737454	true	false	true	false	false	false	false	false	false	false	false						post_translational	6	{"Cellinker_type":"Cytokine-cytokine receptor interaction","talklr_putative":false,"Ramilowski2015_source":["literature supported"]}	{"id_a":"O95393","id_b":"P17813","directed":[{"via":null,"attrs":{},"dataset":"omnipath","resource":"CellTalkDB","references":["21737454"]},{"via":null,"attrs":{},"dataset":"omnipath","resource":"connectomeDB2020","references":["21737454"]},{"via":null,"attrs":{"putative":false},"dataset":"omnipath","resource":"talklr","references":["21737454"]},{"via":null,"attrs":{"type":"Cytokine-cytokine receptor interaction"},"dataset":"omnipath","resource":"Cellinker","references":["31540324"]},{"via":null,"attrs":{"source":["literature supported"]},"dataset":"omnipath","resource":"Ramilowski2015","references":["21737454"]},{"via":"LRdb","attrs":{},"dataset":"omnipath","resource":"Fantom5","references":[]},{"via":null,"attrs":{},"dataset":"omnipath","resource":"LRdb","references":["21737454"]},{"via":"Baccin2019","attrs":{},"dataset":"ligrecextra","resource":"Ramilowski2015","references":[]},{"via":null,"attrs":{},"dataset":"ligrecextra","resource":"Baccin2019","references":[]},{"via":null,"attrs":{},"dataset":"ligrecextra","resource":"EMBRACE","references":[]},{"via":null,"attrs":{},"dataset":"ligrecextra","resource":"iTALK","references":[]}],"negative":[],"positive":[],"undirected":[]}	9606	protein	9606	protein	6
78304	O95393	COMPLEX:P37023_Q13873	BMP10	ACVRL1_BMPR2	true	true	false	true	true	false	CellChatDB;CellPhoneDB;CellPhoneDB_Cellinker;Cellinker;DLRP_Cellinker;HPMR_Cellinker;ICELLNET;KEGG-MEDICUS	CellChatDB:25620979;CellChatDB:26893264;Cellinker:16049014;Cellinker:26893264;Cellinker:27252362;ICELLNET:17878607	true	false	true	true	false	false	false	false	false	false	false						post_translational	6	{"Cellinker_type":"Cytokine-cytokine receptor interaction","CellPhoneDB_type":"ligand-receptor","CellPhoneDB_is_ppi":true,"CellChatDB_category":"Secreted Signaling"}	{"id_a":"O95393","id_b":"COMPLEX:P37023_Q13873","directed":[{"via":null,"attrs":{},"dataset":"omnipath","resource":"ICELLNET","references":["17878607"]},{"via":null,"attrs":{"category":"Secreted Signaling"},"dataset":"omnipath","resource":"CellChatDB","references":["26893264","25620979"]},{"via":"Cellinker","attrs":{"type":"Cytokine-cytokine receptor interaction"},"dataset":"omnipath","resource":"HPMR","references":[]},{"via":"Cellinker","attrs":{"type":"Cytokine-cytokine receptor interaction"},"dataset":"omnipath","resource":"DLRP","references":[]},{"via":"Cellinker","attrs":{"type":"Cytokine-cytokine receptor interaction"},"dataset":"omnipath","resource":"CellPhoneDB","references":[]},{"via":null,"attrs":{"type":"Cytokine-cytokine receptor interaction"},"dataset":"omnipath","resource":"Cellinker","references":["16049014","26893264","27252362"]},{"via":null,"attrs":{"type":"ligand-receptor","is_ppi":true},"dataset":"ligrecextra","resource":"CellPhoneDB","references":[]}],"negative":[],"positive":[{"via":null,"attrs":{},"dataset":"pathwayextra","resource":"KEGG-MEDICUS","references":[]}],"undirected":[]}	9606	protein	9606	complex	6
79887	O95393	Q13873	BMP10	BMPR2	true	true	false	true	true	false	Baccin2019;CellTalkDB;DLRP_talklr;EMBRACE;Fantom5_LRdb;Guide2Pharma;HINT;HPMR_LRdb;HPMR_talklr;LRdb;Ramilowski2015;Ramilowski2015_Baccin2019;UniProt_LRdb;Wang;connectomeDB2020;iTALK;talklr	Baccin2019:16049014;CellTalkDB:15621726;HINT:22718755;HINT:35504921;LRdb:16049014;connectomeDB2020:16049014	true	false	true	true	false	false	false	false	false	false	false						post_translational	6	{"talklr_putative":false,"Ramilowski2015_source":["DLRP","HPMR","literature supported"]}	{"id_a":"O95393","id_b":"Q13873","directed":[{"via":null,"attrs":{},"dataset":"omnipath","resource":"CellTalkDB","references":["15621726"]},{"via":null,"attrs":{},"dataset":"omnipath","resource":"connectomeDB2020","references":["16049014"]},{"via":"LRdb","attrs":{},"dataset":"omnipath","resource":"HPMR","references":[]},{"via":"LRdb","attrs":{},"dataset":"omnipath","resource":"UniProt","references":[]},{"via":"LRdb","attrs":{},"dataset":"omnipath","resource":"Fantom5","references":[]},{"via":null,"attrs":{},"dataset":"omnipath","resource":"LRdb","references":["16049014"]},{"via":"Baccin2019","attrs":{},"dataset":"omnipath","resource":"Ramilowski2015","references":[]},{"via":null,"attrs":{},"dataset":"omnipath","resource":"Baccin2019","references":["16049014"]},{"via":"talklr","attrs":{"putative":false},"dataset":"ligrecextra","resource":"HPMR","references":[]},{"via":"talklr","attrs":{"putative":false},"dataset":"ligrecextra","resource":"DLRP","references":[]},{"via":null,"attrs":{"putative":false},"dataset":"ligrecextra","resource":"talklr","references":[]},{"via":null,"attrs":{"source":["DLRP","HPMR","literature supported"]},"dataset":"ligrecextra","resource":"Ramilowski2015","references":[]},{"via":null,"attrs":{},"dataset":"ligrecextra","resource":"EMBRACE","references":[]},{"via":null,"attrs":{},"dataset":"ligrecextra","resource":"iTALK","references":[]}],"negative":[],"positive":[{"via":null,"attrs":{},"dataset":"ligrecextra","resource":"Guide2Pharma","references":[]},{"via":null,"attrs":{},"dataset":"pathwayextra","resource":"Wang","references":[]}],"undirected":[{"via":null,"attrs":{"hint_quality":["LC","HT"]},"dataset":"omnipath","resource":"HINT","references":["22718755","35504921"]}]}	9606	protein	9606	protein	6
79888	O95393	O00238	BMP10	BMPR1B	true	true	false	true	true	false	Baccin2019;CellTalkDB;Cellinker;Cui2007;DLRP_Cellinker;DLRP_talklr;EMBRACE;Guide2Pharma;LRdb;Ramilowski2015;Ramilowski2015_Baccin2019;UniProt_LRdb;Wang;connectomeDB2020;iTALK;scConnect;talklr	CellTalkDB:15621726;Cellinker:31127068;LRdb:16049014;Ramilowski2015:16049014;connectomeDB2020:16049014;talklr:16049014	true	false	true	false	false	false	false	false	false	false	false						post_translational	6	{"Cellinker_type":"Cytokine-cytokine receptor interaction","talklr_putative":false,"Ramilowski2015_source":["DLRP","literature supported"]}	{"id_a":"O95393","id_b":"O00238","directed":[{"via":null,"attrs":{},"dataset":"omnipath","resource":"CellTalkDB","references":["15621726"]},{"via":null,"attrs":{},"dataset":"omnipath","resource":"connectomeDB2020","references":["16049014"]},{"via":"talklr","attrs":{"putative":false},"dataset":"omnipath","resource":"DLRP","references":[]},{"via":null,"attrs":{"putative":false},"dataset":"omnipath","resource":"talklr","references":["16049014"]},{"via":"Cellinker","attrs":{"type":"Cytokine-cytokine receptor interaction"},"dataset":"omnipath","resource":"DLRP","references":[]},{"via":null,"attrs":{"type":"Cytokine-cytokine receptor interaction"},"dataset":"omnipath","resource":"Cellinker","references":["31127068"]},{"via":null,"attrs":{"source":["DLRP","literature supported"]},"dataset":"omnipath","resource":"Ramilowski2015","references":["16049014"]},{"via":"LRdb","attrs":{},"dataset":"omnipath","resource":"UniProt","references":[]},{"via":null,"attrs":{},"dataset":"omnipath","resource":"LRdb","references":["16049014"]},{"via":"Baccin2019","attrs":{},"dataset":"ligrecextra","resource":"Ramilowski2015","references":[]},{"via":null,"attrs":{},"dataset":"ligrecextra","resource":"Baccin2019","references":[]},{"via":null,"attrs":{},"dataset":"ligrecextra","resource":"EMBRACE","references":[]},{"via":null,"attrs":{},"dataset":"ligrecextra","resource":"iTALK","references":[]}],"negative":[],"positive":[{"via":null,"attrs":{},"dataset":"ligrecextra","resource":"Guide2Pharma","references":[]},{"via":null,"attrs":{},"dataset":"ligrecextra","resource":"scConnect","references":[]}],"undirected":[{"via":null,"attrs":{},"dataset":"pathwayextra","resource":"Wang","references":[]},{"via":null,"attrs":{},"dataset":"pathwayextra","resource":"Cui2007","references":[]}]}	9606	protein	9606	protein	6
59247	O95393	P36894	BMP10	BMPR1A	true	true	false	true	true	false	Baccin2019;CellTalkDB;Cellinker;Cui2007;DLRP_Cellinker;DLRP_talklr;EMBRACE;Fantom5_LRdb;Guide2Pharma;HPMR_Cellinker;HPMR_LRdb;HPMR_talklr;LRdb;Ramilowski2015;Ramilowski2015_Baccin2019;SIGNOR;UniProt_LRdb;Wang;connectomeDB2020;iTALK;talklr	Baccin2019:16049014;Cellinker:16049014;LRdb:16049014;SIGNOR:16049014;connectomeDB2020:16049014	true	false	true	true	false	false	false	false	false	false	false						post_translational	5	{"Cellinker_type":"Cytokine-cytokine receptor interaction","talklr_putative":false,"SIGNOR_mechanism":["binding"],"Ramilowski2015_source":["DLRP","HPMR","literature supported"]}	{"id_a":"O95393","id_b":"P36894","directed":[{"via":null,"attrs":{},"dataset":"omnipath","resource":"connectomeDB2020","references":["16049014"]},{"via":"Cellinker","attrs":{"type":"Cytokine-cytokine receptor interaction"},"dataset":"omnipath","resource":"HPMR","references":[]},{"via":"Cellinker","attrs":{"type":"Cytokine-cytokine receptor interaction"},"dataset":"omnipath","resource":"DLRP","references":[]},{"via":null,"attrs":{"type":"Cytokine-cytokine receptor interaction"},"dataset":"omnipath","resource":"Cellinker","references":["16049014"]},{"via":"LRdb","attrs":{},"dataset":"omnipath","resource":"HPMR","references":[]},{"via":"LRdb","attrs":{},"dataset":"omnipath","resource":"UniProt","references":[]},{"via":"LRdb","attrs":{},"dataset":"omnipath","resource":"Fantom5","references":[]},{"via":null,"attrs":{},"dataset":"omnipath","resource":"LRdb","references":["16049014"]},{"via":"Baccin2019","attrs":{},"dataset":"omnipath","resource":"Ramilowski2015","references":[]},{"via":null,"attrs":{},"dataset":"omnipath","resource":"Baccin2019","references":["16049014"]},{"via":null,"attrs":{},"dataset":"ligrecextra","resource":"CellTalkDB","references":[]},{"via":"talklr","attrs":{"putative":false},"dataset":"ligrecextra","resource":"HPMR","references":[]},{"via":"talklr","attrs":{"putative":false},"dataset":"ligrecextra","resource":"DLRP","references":[]},{"via":null,"attrs":{"putative":false},"dataset":"ligrecextra","resource":"talklr","references":[]},{"via":null,"attrs":{"source":["DLRP","HPMR","literature supported"]},"dataset":"ligrecextra","resource":"Ramilowski2015","references":[]},{"via":null,"attrs":{},"dataset":"ligrecextra","resource":"EMBRACE","references":[]},{"via":null,"attrs":{},"dataset":"ligrecextra","resource":"iTALK","references":[]}],"negative":[],"positive":[{"via":null,"attrs":{"mechanism":["binding"]},"dataset":"omnipath","resource":"SIGNOR","references":["16049014"]},{"via":null,"attrs":{},"dataset":"ligrecextra","resource":"Guide2Pharma","references":[]},{"via":null,"attrs":{},"dataset":"pathwayextra","resource":"Wang","references":[]}],"undirected":[{"via":null,"attrs":{},"dataset":"pathwayextra","resource":"Cui2007","references":[]}]}	9606	protein	9606	protein	5
80517	O95393	P27037	BMP10	ACVR2A	true	true	false	true	true	false	Baccin2019;CellTalkDB;DLRP_talklr;EMBRACE;Fantom5_LRdb;Guide2Pharma;HPMR_LRdb;HPMR_talklr;LRdb;Ramilowski2015;Ramilowski2015_Baccin2019;Wang;connectomeDB2020;iTALK;talklr	Baccin2019:16049014;CellTalkDB:16049014;LRdb:16049014;connectomeDB2020:16049014	true	false	true	true	false	false	false	false	false	false	false						post_translational	4	{"talklr_putative":false,"Ramilowski2015_source":["DLRP","HPMR","literature supported"]}	{"id_a":"O95393","id_b":"P27037","directed":[{"via":null,"attrs":{},"dataset":"omnipath","resource":"CellTalkDB","references":["16049014"]},{"via":null,"attrs":{},"dataset":"omnipath","resource":"connectomeDB2020","references":["16049014"]},{"via":"LRdb","attrs":{},"dataset":"omnipath","resource":"HPMR","references":[]},{"via":"LRdb","attrs":{},"dataset":"omnipath","resource":"Fantom5","references":[]},{"via":null,"attrs":{},"dataset":"omnipath","resource":"LRdb","references":["16049014"]},{"via":"Baccin2019","attrs":{},"dataset":"omnipath","resource":"Ramilowski2015","references":[]},{"via":null,"attrs":{},"dataset":"omnipath","resource":"Baccin2019","references":["16049014"]},{"via":"talklr","attrs":{"putative":false},"dataset":"ligrecextra","resource":"HPMR","references":[]},{"via":"talklr","attrs":{"putative":false},"dataset":"ligrecextra","resource":"DLRP","references":[]},{"via":null,"attrs":{"putative":false},"dataset":"ligrecextra","resource":"talklr","references":[]},{"via":null,"attrs":{"source":["DLRP","HPMR","literature supported"]},"dataset":"ligrecextra","resource":"Ramilowski2015","references":[]},{"via":null,"attrs":{},"dataset":"ligrecextra","resource":"EMBRACE","references":[]},{"via":null,"attrs":{},"dataset":"ligrecextra","resource":"iTALK","references":[]}],"negative":[],"positive":[{"via":null,"attrs":{},"dataset":"ligrecextra","resource":"Guide2Pharma","references":[]},{"via":null,"attrs":{},"dataset":"pathwayextra","resource":"Wang","references":[]}],"undirected":[]}	9606	protein	9606	protein	4
83150	O95393	Q04771	BMP10	ACVR1	true	true	false	true	true	false	Cellinker;DLRP_Cellinker;DLRP_talklr;EMBRACE;Guide2Pharma;iTALK;talklr	Cellinker:27252362;Cellinker:30246251;Cellinker:30246252;Cellinker:31127068	true	false	true	false	false	false	false	false	false	false	false						post_translational	4	{"Cellinker_type":"Cytokine-cytokine receptor interaction","talklr_putative":true}	{"id_a":"O95393","id_b":"Q04771","directed":[{"via":"Cellinker","attrs":{"type":"Cytokine-cytokine receptor interaction"},"dataset":"omnipath","resource":"DLRP","references":[]},{"via":null,"attrs":{"type":"Cytokine-cytokine receptor interaction"},"dataset":"omnipath","resource":"Cellinker","references":["30246252","30246251","27252362","31127068"]},{"via":"talklr","attrs":{"putative":true},"dataset":"ligrecextra","resource":"DLRP","references":[]},{"via":null,"attrs":{"putative":true},"dataset":"ligrecextra","resource":"talklr","references":[]},{"via":null,"attrs":{},"dataset":"ligrecextra","resource":"EMBRACE","references":[]},{"via":null,"attrs":{},"dataset":"ligrecextra","resource":"iTALK","references":[]}],"negative":[],"positive":[{"via":null,"attrs":{},"dataset":"ligrecextra","resource":"Guide2Pharma","references":[]}],"undirected":[]}	9606	protein	9606	protein	4
465991	Q92731	O95393	ESR2	BMP10	true	true	false	true	true	false	CollecTRI;DoRothEA;HTRI_CollecTRI;HTRIdb;HTRIdb_DoRothEA	CollecTRI:20034404;DoRothEA:20034404;HTRIdb:20034404	false	false	false	false	false	true	true	true	false	false	false	true	false	false	false	D	transcriptional	3	{"DoRothEA_tfbs":false,"DoRothEA_coexp":false,"DoRothEA_level":"D","DoRothEA_chipseq":false,"DoRothEA_curated":true,"CollecTRI_tf_category":"dbTF","CollecTRI_sign_decision":"default activation"}	{"id_a":"Q92731","id_b":"O95393","directed":[{"via":"DoRothEA","attrs":{"tfbs":false,"coexp":false,"level":"D","chipseq":false,"curated":true},"dataset":"dorothea","resource":"HTRIdb","references":[]},{"via":null,"attrs":{"tfbs":false,"coexp":false,"level":"D","chipseq":false,"curated":true},"dataset":"dorothea","resource":"DoRothEA","references":["20034404"]},{"via":null,"attrs":{},"dataset":"tf_target","resource":"HTRIdb","references":["20034404"]}],"negative":[],"positive":[{"via":"CollecTRI","attrs":{"tf_category":"dbTF","sign_decision":"default activation"},"dataset":"collectri","resource":"HTRI","references":[]},{"via":null,"attrs":{"tf_category":"dbTF","sign_decision":"default activation"},"dataset":"collectri","resource":"CollecTRI","references":["20034404"]}],"undirected":[]}	9606	protein	9606	protein	3
429665	Q06413	O95393	MEF2C	BMP10	true	true	false	true	true	false	CollecTRI;ExTRI_CollecTRI	CollecTRI:15073151;CollecTRI:22996691	false	false	false	false	false	false	true	false	false	false	false						transcriptional	2	{"CollecTRI_tf_category":"dbTF","CollecTRI_sign_decision":"default activation"}	{"id_a":"Q06413","id_b":"O95393","directed":[],"negative":[],"positive":[{"via":"CollecTRI","attrs":{"tf_category":"dbTF","sign_decision":"default activation"},"dataset":"collectri","resource":"ExTRI","references":[]},{"via":null,"attrs":{"tf_category":"dbTF","sign_decision":"default activation"},"dataset":"collectri","resource":"CollecTRI","references":["22996691","15073151"]}],"undirected":[]}	9606	protein	9606	protein	2
43120	P17813	O95393	ENG	BMP10	true	true	false	false	false	false	SIGNOR	SIGNOR:21737454	true	false	false	false	false	false	false	false	false	false	false						post_translational	1	{"SIGNOR_mechanism":["binding"]}	{"id_a":"P17813","id_b":"O95393","directed":[],"negative":[],"positive":[{"via":null,"attrs":{"mechanism":["binding"]},"dataset":"omnipath","resource":"SIGNOR","references":["21737454"]}],"undirected":[]}	9606	protein	9606	protein	1
78346	O95393	COMPLEX:P37023_Q13705	BMP10	ACVR2B_ACVRL1	true	false	false	false	false	false	ICELLNET	ICELLNET:17878607	true	false	false	false	false	false	false	false	false	false	false						post_translational	1	{}	{"id_a":"O95393","id_b":"COMPLEX:P37023_Q13705","directed":[{"via":null,"attrs":{},"dataset":"omnipath","resource":"ICELLNET","references":["17878607"]}],"negative":[],"positive":[],"undirected":[]}	9606	protein	9606	complex	1
83124	O95393	Q13705	BMP10	ACVR2B	true	true	false	true	true	false	Cellinker;DLRP_Cellinker;DLRP_talklr;EMBRACE;Guide2Pharma;iTALK;talklr	Cellinker:27252362	true	false	true	false	false	false	false	false	false	false	false						post_translational	1	{"Cellinker_type":"Cytokine-cytokine receptor interaction","talklr_putative":true}	{"id_a":"O95393","id_b":"Q13705","directed":[{"via":"Cellinker","attrs":{"type":"Cytokine-cytokine receptor interaction"},"dataset":"omnipath","resource":"DLRP","references":[]},{"via":null,"attrs":{"type":"Cytokine-cytokine receptor interaction"},"dataset":"omnipath","resource":"Cellinker","references":["27252362"]},{"via":"talklr","attrs":{"putative":true},"dataset":"ligrecextra","resource":"DLRP","references":[]},{"via":null,"attrs":{"putative":true},"dataset":"ligrecextra","resource":"talklr","references":[]},{"via":null,"attrs":{},"dataset":"ligrecextra","resource":"EMBRACE","references":[]},{"via":null,"attrs":{},"dataset":"ligrecextra","resource":"iTALK","references":[]}],"negative":[],"positive":[{"via":null,"attrs":{},"dataset":"ligrecextra","resource":"Guide2Pharma","references":[]}],"undirected":[]}	9606	protein	9606	protein	1
455989	O14497	O95393	ARID1A	BMP10	true	true	false	true	true	false	CollecTRI;ExTRI_CollecTRI	CollecTRI:22621927	false	false	false	false	false	false	true	false	false	false	false						transcriptional	1	{"CollecTRI_tf_category":"dbTF","CollecTRI_sign_decision":"default activation"}	{"id_a":"O14497","id_b":"O95393","directed":[],"negative":[],"positive":[{"via":"CollecTRI","attrs":{"tf_category":"dbTF","sign_decision":"default activation"},"dataset":"collectri","resource":"ExTRI","references":[]},{"via":null,"attrs":{"tf_category":"dbTF","sign_decision":"default activation"},"dataset":"collectri","resource":"CollecTRI","references":["22621927"]}],"undirected":[]}	9606	protein	9606	protein	1
456992	P78411	O95393	IRX5	BMP10	true	true	false	true	true	false	CollecTRI;ExTRI_CollecTRI	CollecTRI:22992950	false	false	false	false	false	false	true	false	false	false	false						transcriptional	1	{"CollecTRI_tf_category":"dbTF","CollecTRI_sign_decision":"default activation"}	{"id_a":"P78411","id_b":"O95393","directed":[],"negative":[],"positive":[{"via":"CollecTRI","attrs":{"tf_category":"dbTF","sign_decision":"default activation"},"dataset":"collectri","resource":"ExTRI","references":[]},{"via":null,"attrs":{"tf_category":"dbTF","sign_decision":"default activation"},"dataset":"collectri","resource":"CollecTRI","references":["22992950"]}],"undirected":[]}	9606	protein	9606	protein	1
456994	P11831	O95393	SRF	BMP10	true	true	false	true	true	false	CollecTRI;ExTRI_CollecTRI;NTNU.Curated_CollecTRI	CollecTRI:22996691	false	false	false	false	false	false	true	false	false	false	false						transcriptional	1	{"CollecTRI_tf_category":"dbTF","CollecTRI_sign_decision":"PMID"}	{"id_a":"P11831","id_b":"O95393","directed":[],"negative":[],"positive":[{"via":"CollecTRI","attrs":{"tf_category":"dbTF","sign_decision":"PMID"},"dataset":"collectri","resource":"NTNU.Curated","references":[]},{"via":"CollecTRI","attrs":{"tf_category":"dbTF","sign_decision":"PMID"},"dataset":"collectri","resource":"ExTRI","references":[]},{"via":null,"attrs":{"tf_category":"dbTF","sign_decision":"PMID"},"dataset":"collectri","resource":"CollecTRI","references":["22996691"]}],"undirected":[]}	9606	protein	9606	protein	1
456995	P52952	O95393	NKX2-5	BMP10	true	true	false	true	true	false	CollecTRI;ExTRI_CollecTRI	CollecTRI:22996691	false	false	false	false	false	false	true	false	false	false	false						transcriptional	1	{"CollecTRI_tf_category":"dbTF","CollecTRI_sign_decision":"default activation"}	{"id_a":"P52952","id_b":"O95393","directed":[],"negative":[],"positive":[{"via":"CollecTRI","attrs":{"tf_category":"dbTF","sign_decision":"default activation"},"dataset":"collectri","resource":"ExTRI","references":[]},{"via":null,"attrs":{"tf_category":"dbTF","sign_decision":"default activation"},"dataset":"collectri","resource":"CollecTRI","references":["22996691"]}],"undirected":[]}	9606	protein	9606	protein	1
473026	P46531	O95393	NOTCH1	BMP10	true	true	false	true	true	false	CollecTRI;GOA_CollecTRI	CollecTRI:17336907	false	false	false	false	false	false	true	false	false	false	false						transcriptional	1	{"CollecTRI_tf_category":"coTF","CollecTRI_sign_decision":"PMID"}	{"id_a":"P46531","id_b":"O95393","directed":[],"negative":[],"positive":[{"via":"CollecTRI","attrs":{"tf_category":"coTF","sign_decision":"PMID"},"dataset":"collectri","resource":"GOA","references":[]},{"via":null,"attrs":{"tf_category":"coTF","sign_decision":"PMID"},"dataset":"collectri","resource":"CollecTRI","references":["17336907"]}],"undirected":[]}	9606	protein	9606	protein	1
473151	Q06330	O95393	RBPJ	BMP10	true	true	false	true	true	false	CollecTRI;GEREDB_CollecTRI;GOA_CollecTRI	CollecTRI:17336907	false	false	false	false	false	false	true	false	false	false	false						transcriptional	1	{"CollecTRI_tf_category":"dbTF","CollecTRI_sign_decision":"PMID"}	{"id_a":"Q06330","id_b":"O95393","directed":[],"negative":[],"positive":[{"via":"CollecTRI","attrs":{"tf_category":"dbTF","sign_decision":"PMID"},"dataset":"collectri","resource":"GOA","references":[]},{"via":"CollecTRI","attrs":{"tf_category":"dbTF","sign_decision":"PMID"},"dataset":"collectri","resource":"GEREDB","references":[]},{"via":null,"attrs":{"tf_category":"dbTF","sign_decision":"PMID"},"dataset":"collectri","resource":"CollecTRI","references":["17336907"]}],"undirected":[]}	9606	protein	9606	protein	1
478581	Q8IZQ8	O95393	MYOCD	BMP10	true	true	false	true	true	false	CollecTRI;NTNU.Curated_CollecTRI	CollecTRI:22996691	false	false	false	false	false	false	true	false	false	false	false						transcriptional	1	{"CollecTRI_tf_category":"coTF","CollecTRI_sign_decision":"regulon"}	{"id_a":"Q8IZQ8","id_b":"O95393","directed":[],"negative":[],"positive":[{"via":"CollecTRI","attrs":{"tf_category":"coTF","sign_decision":"regulon"},"dataset":"collectri","resource":"NTNU.Curated","references":[]},{"via":null,"attrs":{"tf_category":"coTF","sign_decision":"regulon"},"dataset":"collectri","resource":"CollecTRI","references":["22996691"]}],"undirected":[]}	9606	protein	9606	protein	1
787774	Q9BZS1	O95393	FOXP3	BMP10	true	false	false	false	false	false	HTRIdb	HTRIdb:20554955	false	false	false	false	false	false	false	true	false	false	false						transcriptional	1	{}	{"id_a":"Q9BZS1","id_b":"O95393","directed":[{"via":null,"attrs":{},"dataset":"tf_target","resource":"HTRIdb","references":["20554955"]}],"negative":[],"positive":[],"undirected":[]}	9606	protein	9606	protein	1
1407156	MIMAT0000270	O95393	hsa-miR-213;hsa-miR-181a*	BMP10	true	false	false	false	false	false	miRTarBase	miRTarBase:31713441	false	false	false	false	true	false	false	false	false	false	false						post_transcriptional	1	{"miRTarBase_method":["Luciferase reporter assay","Western blotting","qRT-PCR"]}	{"id_a":"MIMAT0000270","id_b":"O95393","directed":[{"via":null,"attrs":{"method":["Luciferase reporter assay","Western blotting","qRT-PCR"]},"dataset":"mirnatarget","resource":"miRTarBase","references":["31713441"]}],"negative":[],"positive":[],"undirected":[]}	9606	mirna	9606	protein	1
146570	O95393	P52952	BMP10	NKX2-5	true	true	false	true	true	false	Wang		false	false	false	true	false	false	false	false	false	false	false						post_translational	0	{}	{"id_a":"O95393","id_b":"P52952","directed":[],"negative":[],"positive":[{"via":null,"attrs":{},"dataset":"pathwayextra","resource":"Wang","references":[]}],"undirected":[]}	9606	protein	9606	protein	0
151642	O95393	P15336	BMP10	ATF2	true	true	false	true	true	false	Wang		false	false	false	true	false	false	false	false	false	false	false						post_translational	0	{}	{"id_a":"O95393","id_b":"P15336","directed":[],"negative":[],"positive":[{"via":null,"attrs":{},"dataset":"pathwayextra","resource":"Wang","references":[]}],"undirected":[]}	9606	protein	9606	protein	0
159119	O95393	P43694	BMP10	GATA4	true	true	false	true	true	false	Wang		false	false	false	true	false	false	false	false	false	false	false						post_translational	0	{}	{"id_a":"O95393","id_b":"P43694","directed":[],"negative":[],"positive":[{"via":null,"attrs":{},"dataset":"pathwayextra","resource":"Wang","references":[]}],"undirected":[]}	9606	protein	9606	protein	0
490795	P49715	O95393	CEBPA	BMP10	true	false	false	false	false	false	DoRothEA;PAZAR_DoRothEA		false	false	false	false	false	true	false	false	false	false	false	true	false	false	false	D	transcriptional	0	{"DoRothEA_tfbs":false,"DoRothEA_coexp":false,"DoRothEA_level":"D","DoRothEA_chipseq":false,"DoRothEA_curated":true}	{"id_a":"P49715","id_b":"O95393","directed":[{"via":"DoRothEA","attrs":{"tfbs":false,"coexp":false,"level":"D","chipseq":false,"curated":true},"dataset":"dorothea","resource":"PAZAR","references":[]},{"via":null,"attrs":{"tfbs":false,"coexp":false,"level":"D","chipseq":false,"curated":true},"dataset":"dorothea","resource":"DoRothEA","references":[]}],"negative":[],"positive":[],"undirected":[]}	9606	protein	9606	protein	0
504538	P49711	O95393	CTCF	BMP10	true	false	false	false	false	false	DoRothEA;PAZAR_DoRothEA		false	false	false	false	false	true	false	false	false	false	false	true	false	false	false	D	transcriptional	0	{"DoRothEA_tfbs":false,"DoRothEA_coexp":false,"DoRothEA_level":"D","DoRothEA_chipseq":false,"DoRothEA_curated":true}	{"id_a":"P49711","id_b":"O95393","directed":[{"via":"DoRothEA","attrs":{"tfbs":false,"coexp":false,"level":"D","chipseq":false,"curated":true},"dataset":"dorothea","resource":"PAZAR","references":[]},{"via":null,"attrs":{"tfbs":false,"coexp":false,"level":"D","chipseq":false,"curated":true},"dataset":"dorothea","resource":"DoRothEA","references":[]}],"negative":[],"positive":[],"undirected":[]}	9606	protein	9606	protein	0
554147	P14921	O95393	ETS1	BMP10	true	false	false	false	false	false	DoRothEA;PAZAR_DoRothEA		false	false	false	false	false	true	false	false	false	false	false	true	false	false	false	D	transcriptional	0	{"DoRothEA_tfbs":false,"DoRothEA_coexp":false,"DoRothEA_level":"D","DoRothEA_chipseq":false,"DoRothEA_curated":true}	{"id_a":"P14921","id_b":"O95393","directed":[{"via":"DoRothEA","attrs":{"tfbs":false,"coexp":false,"level":"D","chipseq":false,"curated":true},"dataset":"dorothea","resource":"PAZAR","references":[]},{"via":null,"attrs":{"tfbs":false,"coexp":false,"level":"D","chipseq":false,"curated":true},"dataset":"dorothea","resource":"DoRothEA","references":[]}],"negative":[],"positive":[],"undirected":[]}	9606	protein	9606	protein	0
565011	P01100	O95393	FOS	BMP10	true	false	false	false	false	false	DoRothEA;PAZAR_DoRothEA		false	false	false	false	false	true	false	false	false	false	false	true	false	false	false	D	transcriptional	0	{"DoRothEA_tfbs":false,"DoRothEA_coexp":false,"DoRothEA_level":"D","DoRothEA_chipseq":false,"DoRothEA_curated":true}	{"id_a":"P01100","id_b":"O95393","directed":[{"via":"DoRothEA","attrs":{"tfbs":false,"coexp":false,"level":"D","chipseq":false,"curated":true},"dataset":"dorothea","resource":"PAZAR","references":[]},{"via":null,"attrs":{"tfbs":false,"coexp":false,"level":"D","chipseq":false,"curated":true},"dataset":"dorothea","resource":"DoRothEA","references":[]}],"negative":[],"positive":[],"undirected":[]}	9606	protein	9606	protein	0
590838	P23769	O95393	GATA2	BMP10	true	false	false	false	false	false	DoRothEA;JASPAR_DoRothEA;PAZAR_DoRothEA		false	false	false	false	false	true	false	false	false	false	false	true	false	true	false	C	transcriptional	0	{"DoRothEA_tfbs":true,"DoRothEA_coexp":false,"DoRothEA_level":"C","DoRothEA_chipseq":false,"DoRothEA_curated":true}	{"id_a":"P23769","id_b":"O95393","directed":[{"via":"DoRothEA","attrs":{"tfbs":true,"coexp":false,"level":"C","chipseq":false,"curated":true},"dataset":"dorothea","resource":"JASPAR","references":[]},{"via":"DoRothEA","attrs":{"tfbs":true,"coexp":false,"level":"C","chipseq":false,"curated":true},"dataset":"dorothea","resource":"PAZAR","references":[]},{"via":null,"attrs":{"tfbs":true,"coexp":false,"level":"C","chipseq":false,"curated":true},"dataset":"dorothea","resource":"DoRothEA","references":[]}],"negative":[],"positive":[],"undirected":[]}	9606	protein	9606	protein	0
596326	P23771	O95393	GATA3	BMP10	true	false	false	false	false	false	DoRothEA;PAZAR_DoRothEA		false	false	false	false	false	true	false	false	false	false	false	true	false	false	false	D	transcriptional	0	{"DoRothEA_tfbs":false,"DoRothEA_coexp":false,"DoRothEA_level":"D","DoRothEA_chipseq":false,"DoRothEA_curated":true}	{"id_a":"P23771","id_b":"O95393","directed":[{"via":"DoRothEA","attrs":{"tfbs":false,"coexp":false,"level":"D","chipseq":false,"curated":true},"dataset":"dorothea","resource":"PAZAR","references":[]},{"via":null,"attrs":{"tfbs":false,"coexp":false,"level":"D","chipseq":false,"curated":true},"dataset":"dorothea","resource":"DoRothEA","references":[]}],"negative":[],"positive":[],"undirected":[]}	9606	protein	9606	protein	0
662658	Q9GZV8	O95393	PRDM14	BMP10	true	false	false	false	false	false	DoRothEA;PAZAR_DoRothEA		false	false	false	false	false	true	false	false	false	false	false	true	false	false	false	D	transcriptional	0	{"DoRothEA_tfbs":false,"DoRothEA_coexp":false,"DoRothEA_level":"D","DoRothEA_chipseq":false,"DoRothEA_curated":true}	{"id_a":"Q9GZV8","id_b":"O95393","directed":[{"via":"DoRothEA","attrs":{"tfbs":false,"coexp":false,"level":"D","chipseq":false,"curated":true},"dataset":"dorothea","resource":"PAZAR","references":[]},{"via":null,"attrs":{"tfbs":false,"coexp":false,"level":"D","chipseq":false,"curated":true},"dataset":"dorothea","resource":"DoRothEA","references":[]}],"negative":[],"positive":[],"undirected":[]}	9606	protein	9606	protein	0
667916	Q01201	O95393	RELB	BMP10	true	false	false	false	false	false	DoRothEA;ReMap_DoRothEA		false	false	false	false	false	true	false	false	false	false	false	false	true	false	false	D	transcriptional	0	{"DoRothEA_tfbs":false,"DoRothEA_coexp":false,"DoRothEA_level":"D","DoRothEA_chipseq":true,"DoRothEA_curated":false}	{"id_a":"Q01201","id_b":"O95393","directed":[{"via":"DoRothEA","attrs":{"tfbs":false,"coexp":false,"level":"D","chipseq":true,"curated":false},"dataset":"dorothea","resource":"ReMap","references":[]},{"via":null,"attrs":{"tfbs":false,"coexp":false,"level":"D","chipseq":true,"curated":false},"dataset":"dorothea","resource":"DoRothEA","references":[]}],"negative":[],"positive":[],"undirected":[]}	9606	protein	9606	protein	0
689454	P42224	O95393	STAT1	BMP10	true	false	false	false	false	false	DoRothEA;PAZAR_DoRothEA		false	false	false	false	false	true	false	false	false	false	false	true	false	false	false	D	transcriptional	0	{"DoRothEA_tfbs":false,"DoRothEA_coexp":false,"DoRothEA_level":"D","DoRothEA_chipseq":false,"DoRothEA_curated":true}	{"id_a":"P42224","id_b":"O95393","directed":[{"via":"DoRothEA","attrs":{"tfbs":false,"coexp":false,"level":"D","chipseq":false,"curated":true},"dataset":"dorothea","resource":"PAZAR","references":[]},{"via":null,"attrs":{"tfbs":false,"coexp":false,"level":"D","chipseq":false,"curated":true},"dataset":"dorothea","resource":"DoRothEA","references":[]}],"negative":[],"positive":[],"undirected":[]}	9606	protein	9606	protein	0